﻿{"cameraMode":{"drawMode":0,"name":"Shaded","section":"Shading Mode"},"sceneLighting":true,"audioPlay":false,"sceneViewState":{"m_AlwaysRefresh":false,"showFog":true,"showSkybox":true,"showFlares":true,"showImageEffects":true,"showParticleSystems":true,"showVisualEffectGraphs":true,"m_FxEnabled":true},"in2DMode":false,"pivot":{"x":-1.56895112991333,"y":3.969857931137085,"z":3.1599621772766115},"rotation":{"x":-0.2434496134519577,"y":0.39977753162384035,"z":-0.11111032217741013,"w":-0.8767198324203491},"size":9.976898193359375,"orthographic":true}